date,campaign_id,campaign_name,impressions,clicks,spend,conversions,extracted_at
2026-05-01,F-1001,AUR_US_Meta_Prospecting_2026Q2,33063,336,292.77,11,2026-08-01 03:12:44
2026-05-02,F-1001,AUR_US_Meta_Prospecting_2026Q2,25706,264,228.54,7,2026-08-01 03:12:44
2026-05-03,F-1001,AUR_US_Meta_Prospecting_2026Q2,20545,259,215.22,2,2026-08-01 03:12:44
2026-05-04,F-1001,AUR_US_Meta_Prospecting_2026Q2,36752,423,365.29,13,2026-08-01 03:12:44
2026-05-05,F-1001,AUR_US_Meta_Prospecting_2026Q2,28594,278,275.68,13,2026-08-01 03:12:44
2026-05-06,F-1001,AUR_US_Meta_Prospecting_2026Q2,39065,377,342.55,7,2026-08-01 03:12:44
2026-05-07,F-1001,AUR_US_Meta_Prospecting_2026Q2,36828,359,332.97,13,2026-08-01 03:12:44
2026-05-08,F-1001,AUR_US_Meta_Prospecting_2026Q2,31472,302,284.3,9,2026-08-01 03:12:44
2026-05-09,F-1001,AUR_US_Meta_Prospecting_2026Q2,25184,311,245.97,9,2026-08-01 03:12:44
2026-05-10,F-1001,AUR_US_Meta_Prospecting_2026Q2,27236,330,239.31,8,2026-08-01 03:12:44
2026-05-11,F-1001,AUR_US_Meta_Prospecting_2026Q2,29947,288,300.27,7,2026-08-01 03:12:44
2026-05-12,F-1001,AUR_US_Meta_Prospecting_2026Q2,39092,415,372.08,21,2026-08-01 03:12:44
2026-05-13,F-1001,AUR_US_Meta_Prospecting_2026Q2,34260,424,344.39,9,2026-08-01 03:12:44
2026-05-14,F-1001,AUR_US_Meta_Prospecting_2026Q2,31973,381,298.49,9,2026-08-01 03:12:44
2026-05-15,F-1001,AUR_US_Meta_Prospecting_2026Q2,33721,373,316.62,9,2026-08-01 03:12:44
2026-05-16,F-1001,AUR_US_Meta_Prospecting_2026Q2,22593,211,221.74,7,2026-08-01 03:12:44
2026-05-17,F-1001,AUR_US_Meta_Prospecting_2026Q2,17425,193,180.82,10,2026-08-01 03:12:44
2026-05-18,F-1001,AUR_US_Meta_Prospecting_2026Q2,34041,359,298.71,7,2026-08-01 03:12:44
2026-05-19,F-1001,AUR_US_Meta_Prospecting_2026Q2,38395,364,339.74,12,2026-08-01 03:12:44
2026-05-20,F-1001,AUR_US_Meta_Prospecting_2026Q2,36785,406,386.71,18,2026-08-01 03:12:44
2026-05-21,F-1001,AUR_US_Meta_Prospecting_2026Q2,38368,373,371.97,14,2026-08-01 03:12:44
2026-05-22,F-1001,AUR_US_Meta_Prospecting_2026Q2,29766,324,281.13,8,2026-08-01 03:12:44
2026-05-23,F-1001,AUR_US_Meta_Prospecting_2026Q2,18819,214,190.68,7,2026-08-01 03:12:44
2026-05-24,F-1001,AUR_US_Meta_Prospecting_2026Q2,24549,241,219.88,6,2026-08-01 03:12:44
2026-05-25,F-1001,AUR_US_Meta_Prospecting_2026Q2,35287,330,311.49,6,2026-08-01 03:12:44
2026-05-26,F-1001,AUR_US_Meta_Prospecting_2026Q2,32413,380,331.43,14,2026-08-01 03:12:44
2026-05-27,F-1001,AUR_US_Meta_Prospecting_2026Q2,41171,402,369.78,7,2026-08-01 03:12:44
2026-05-28,F-1001,AUR_US_Meta_Prospecting_2026Q2,34869,334,365.84,8,2026-08-01 03:12:44
2026-05-29,F-1001,AUR_US_Meta_Prospecting_2026Q2,27026,318,259.69,13,2026-08-01 03:12:44
2026-05-30,F-1001,AUR_US_Meta_Prospecting_2026Q2,29851,290,261.22,10,2026-08-01 03:12:44
2026-05-31,F-1001,AUR_US_Meta_Prospecting_2026Q2,23484,243,246.4,13,2026-08-01 03:12:44
2026-06-01,F-1001,AUR_US_Meta_Prospecting_2026Q2,35231,369,307.24,13,2026-08-01 03:12:44
2026-06-02,F-1001,AUR_US_Meta_Prospecting_2026Q2,25442,308,268.13,13,2026-08-01 03:12:44
2026-06-03,F-1001,AUR_US_Meta_Prospecting_2026Q2,38396,383,341.16,11,2026-08-01 03:12:44
2026-06-04,F-1001,AUR_US_Meta_Prospecting_2026Q2,37463,394,361.07,13,2026-08-01 03:12:44
2026-06-05,F-1001,AUR_US_Meta_Prospecting_2026Q2,30541,299,303.67,6,2026-08-01 03:12:44
2026-06-06,F-1001,AUR_US_Meta_Prospecting_2026Q2,21946,213,200.04,7,2026-08-01 03:12:44
2026-06-07,F-1001,AUR_US_Meta_Prospecting_2026Q2,20983,212,181.5,7,2026-08-01 03:12:44
2026-06-08,F-1001,AUR_US_Meta_Prospecting_2026Q2,40266,385,361.36,12,2026-08-01 03:12:44
2026-06-09,F-1001,AUR_US_Meta_Prospecting_2026Q2,36026,446,345.15,16,2026-08-01 03:12:44
2026-06-10,F-1001,AUR_US_Meta_Prospecting_2026Q2,36734,421,327.49,15,2026-08-01 03:12:44
2026-06-11,F-1001,AUR_US_Meta_Prospecting_2026Q2,32709,331,294.5,8,2026-08-01 03:12:44
2026-06-12,F-1001,AUR_US_Meta_Prospecting_2026Q2,31396,324,283.78,19,2026-08-01 03:12:44
2026-06-13,F-1001,AUR_US_Meta_Prospecting_2026Q2,25058,256,220.95,6,2026-08-01 03:12:44
2026-06-14,F-1001,AUR_US_Meta_Prospecting_2026Q2,24125,272,211.5,9,2026-08-01 03:12:44
2026-06-14,F-1001,AUR_US_Meta_Prospecting_2026Q2,24125,272,211.5,9,2026-08-01 03:12:44
2026-06-15,F-1001,AUR_US_Meta_Prospecting_2026Q2,34853,347,313.4,10,2026-08-01 03:12:44
2026-06-16,F-1001,AUR_US_Meta_Prospecting_2026Q2,30165,339,301.41,10,2026-08-01 03:12:44
2026-06-17,F-1001,AUR_US_Meta_Prospecting_2026Q2,29186,276,297.78,8,2026-08-01 03:12:44
2026-06-18,F-1001,AUR_US_Meta_Prospecting_2026Q2,29696,305,291.18,2,2026-08-01 03:12:44
2026-06-19,F-1001,AUR_US_Meta_Prospecting_2026Q2,24329,304,252.08,8,2026-08-01 03:12:44
2026-06-20,F-1001,AUR_US_Meta_Prospecting_2026Q2,20999,226,181.53,8,2026-08-01 03:12:44
2026-06-21,F-1001,AUR_US_Meta_Prospecting_2026Q2,24679,273,216.95,10,2026-08-01 03:12:44
2026-06-22,F-1001,AUR_US_Meta_Prospecting_2026Q2,27418,288,262.91,12,2026-08-01 03:12:44
2026-06-23,F-1001,AUR_US_Meta_Prospecting_2026Q2,35426,331,363.01,10,2026-08-01 03:12:44
2026-06-24,F-1001,AUR_US_Meta_Prospecting_2026Q2,34686,400,333.13,11,2026-08-01 03:12:44
2026-06-25,F-1001,AUR_US_Meta_Prospecting_2026Q2,31089,319,276.02,12,2026-08-01 03:12:44
2026-06-26,F-1001,AUR_US_Meta_Prospecting_2026Q2,31411,383,304.62,15,2026-08-01 03:12:44
2026-06-27,F-1001,AUR_US_Meta_Prospecting_2026Q2,20834,197,218.19,4,2026-08-01 03:12:44
2026-06-28,F-1001,AUR_US_Meta_Prospecting_2026Q2,23109,270,210.49,8,2026-08-01 03:12:44
2026-06-29,F-1001,AUR_US_Meta_Prospecting_2026Q2,27467,290,274.97,5,2026-08-01 03:12:44
2026-06-30,F-1001,AUR_US_Meta_Prospecting_2026Q2,26482,291,261.57,9,2026-08-01 03:12:44
2026-07-01,F-1001,AUR_US_Meta_Prospecting_2026Q2,37530,462,353.96,11,2026-08-01 03:12:44
2026-07-02,F-1001,AUR_US_Meta_Prospecting_2026Q2,32838,316,331.42,7,2026-08-01 03:12:44
2026-07-03,F-1001,AUR_US_Meta_Prospecting_2026Q2,25657,244,258.38,6,2026-08-01 03:12:44
2026-07-04,F-1001,AUR_US_Meta_Prospecting_2026Q2,22023,274,229.79,8,2026-08-01 03:12:44
2026-07-05,F-1001,AUR_US_Meta_Prospecting_2026Q2,18465,195,177.19,5,2026-08-01 03:12:44
2026-07-06,F-1001,AUR_US_Meta_Prospecting_2026Q2,36294,395,340.16,10,2026-08-01 03:12:44
2026-07-07,F-1001,AUR_US_Meta_Prospecting_2026Q2,37595,451,363.66,12,2026-08-01 03:12:44
2026-07-08,F-1001,AUR_US_Meta_Prospecting_2026Q2,38240,451,351.34,0,2026-08-01 03:12:44
2026-07-09,F-1001,AUR_US_Meta_Prospecting_2026Q2,35725,395,310.31,0,2026-08-01 03:12:44
2026-07-10,F-1001,AUR_US_Meta_Prospecting_2026Q2,30886,316,271.64,0,2026-08-01 03:12:44
2026-07-11,F-1001,AUR_US_Meta_Prospecting_2026Q2,23871,259,221.36,0,2026-08-01 03:12:44
2026-07-12,F-1001,AUR_US_Meta_Prospecting_2026Q2,18831,210,175.46,7,2026-08-01 03:12:44
2026-07-13,F-1001,AUR_US_Meta_Prospecting_2026Q2,28416,295,295.67,13,2026-08-01 03:12:44
2026-07-14,F-1001,AUR_US_Meta_Prospecting_2026Q2,36480,440,328.2,13,2026-08-01 03:12:44
2026-07-15,F-1001,AUR_US_Meta_Prospecting_2026Q2,29671,325,271.5,13,2026-08-01 03:12:44
2026-07-16,F-1001,AUR_US_Meta_Prospecting_2026Q2,30413,366,274.16,16,2026-08-01 03:12:44
2026-07-17,F-1001,AUR_US_Meta_Prospecting_2026Q2,38034,371,331.68,8,2026-08-01 03:12:44
2026-07-18,F-1001,AUR_US_Meta_Prospecting_2026Q2,24038,294,212.52,12,2026-08-01 03:12:44
2026-07-19,F-1001,AUR_US_Meta_Prospecting_2026Q2,21226,261,207.35,4,2026-08-01 03:12:44
2026-07-20,F-1001,AUR_US_Meta_Prospecting_2026Q2,32518,344,287.77,12,2026-08-01 03:12:44
2026-07-21,F-1001,AUR_US_Meta_Prospecting_2026Q2,29411,278,268.76,7,2026-08-01 03:12:44
2026-07-22,F-1001,AUR_US_Meta_Prospecting_2026Q2,35359,385,334.91,11,2026-08-01 03:12:44
2026-07-23,F-1001,AUR_US_Meta_Prospecting_2026Q2,32215,330,301.37,7,2026-08-01 03:12:44
2026-07-24,F-1001,AUR_US_Meta_Prospecting_2026Q2,26456,286,271.01,9,2026-08-01 03:12:44
2026-07-25,F-1001,AUR_US_Meta_Prospecting_2026Q2,22166,267,197.51,13,2026-08-01 03:12:44
2026-07-26,F-1001,AUR_US_Meta_Prospecting_2026Q2,24140,270,209.37,8,2026-08-01 03:12:44
2026-07-27,F-1001,AUR_US_Meta_Prospecting_2026Q2,32201,351,279.12,9,2026-08-01 03:12:44
2026-07-28,F-1001,AUR_US_Meta_Prospecting_2026Q2,34201,371,307.46,12,2026-08-01 03:12:44
2026-07-29,F-1001,AUR_US_Meta_Prospecting_2026Q2,38125,375,321.73,10,2026-08-01 03:12:44
2026-07-29,F-1001,AUR_US_Meta_Prospecting_2026Q2,38125,375,361.21,13,2026-08-04 03:09:10
2026-07-30,F-1001,AUR_US_Meta_Prospecting_2026Q2,25531,295,232.32,9,2026-08-01 03:12:44
2026-07-30,F-1001,AUR_US_Meta_Prospecting_2026Q2,25531,295,258.35,11,2026-08-04 03:09:10
2026-07-31,F-1001,AUR_US_Meta_Prospecting_2026Q2,33700,330,280.92,4,2026-08-01 03:12:44
2026-07-31,F-1001,AUR_US_Meta_Prospecting_2026Q2,33700,330,322.7,5,2026-08-04 03:09:10
2026-05-01,F-1002,AUR_EU_Meta_Retargeting_2026Q2,16256,297,166.14,18,2026-08-01 03:12:44
2026-05-02,F-1002,AUR_EU_Meta_Retargeting_2026Q2,12723,215,126.27,8,2026-08-01 03:12:44
2026-05-03,F-1002,AUR_EU_Meta_Retargeting_2026Q2,13139,235,130.1,12,2026-08-01 03:12:44
2026-05-04,F-1002,AUR_EU_Meta_Retargeting_2026Q2,17460,276,156.61,18,2026-08-01 03:12:44
2026-05-05,F-1002,AUR_EU_Meta_Retargeting_2026Q2,23445,389,206.82,16,2026-08-01 03:12:44
2026-05-06,F-1002,AUR_EU_Meta_Retargeting_2026Q2,24823,452,224.05,21,2026-08-01 03:12:44
2026-05-07,F-1002,AUR_EU_Meta_Retargeting_2026Q2,20467,328,177.74,14,2026-08-01 03:12:44
2026-05-08,F-1002,AUR_EU_Meta_Retargeting_2026Q2,16590,229,161.22,5,2026-08-01 03:12:44
2026-05-09,F-1002,AUR_EU_Meta_Retargeting_2026Q2,13079,200,132.31,7,2026-08-01 03:12:44
2026-05-10,F-1002,AUR_EU_Meta_Retargeting_2026Q2,12214,197,105.87,9,2026-08-01 03:12:44
2026-05-11,F-1002,AUR_EU_Meta_Retargeting_2026Q2,22921,318,200.3,10,2026-08-01 03:12:44
2026-05-12,F-1002,AUR_EU_Meta_Retargeting_2026Q2,21752,349,218.19,8,2026-08-01 03:12:44
2026-05-13,F-1002,AUR_EU_Meta_Retargeting_2026Q2,22171,302,225.28,13,2026-08-01 03:12:44
2026-05-14,F-1002,AUR_EU_Meta_Retargeting_2026Q2,20523,304,212.06,14,2026-08-01 03:12:44
2026-05-15,F-1002,AUR_EU_Meta_Retargeting_2026Q2,14963,206,151.35,8,2026-08-01 03:12:44
2026-05-16,F-1002,AUR_EU_Meta_Retargeting_2026Q2,11367,207,109.59,8,2026-08-01 03:12:44
2026-05-17,F-1002,AUR_EU_Meta_Retargeting_2026Q2,10675,184,108.08,10,2026-08-01 03:12:44
2026-05-18,F-1002,AUR_EU_Meta_Retargeting_2026Q2,16918,258,162.69,11,2026-08-01 03:12:44
2026-05-19,F-1002,AUR_EU_Meta_Retargeting_2026Q2,21131,378,187.33,19,2026-08-01 03:12:44
2026-05-20,F-1002,AUR_EU_Meta_Retargeting_2026Q2,18019,272,166.51,14,2026-08-01 03:12:44
2026-05-21,F-1002,AUR_EU_Meta_Retargeting_2026Q2,15592,225,155.22,11,2026-08-01 03:12:44
2026-05-22,F-1002,AUR_EU_Meta_Retargeting_2026Q2,17756,312,171.17,16,2026-08-01 03:12:44
2026-05-23,F-1002,AUR_EU_Meta_Retargeting_2026Q2,10999,153,108.82,6,2026-08-01 03:12:44
2026-05-24,F-1002,AUR_EU_Meta_Retargeting_2026Q2,13213,235,133.93,8,2026-08-01 03:12:44
2026-05-25,F-1002,AUR_EU_Meta_Retargeting_2026Q2,17813,251,165.4,6,2026-08-01 03:12:44
2026-05-26,F-1002,AUR_EU_Meta_Retargeting_2026Q2,18744,264,189.58,13,2026-08-01 03:12:44
2026-05-27,F-1002,AUR_EU_Meta_Retargeting_2026Q2,19395,280,190.19,14,2026-08-01 03:12:44
2026-05-28,F-1002,AUR_EU_Meta_Retargeting_2026Q2,18242,280,184.95,9,2026-08-01 03:12:44
2026-05-29,F-1002,AUR_EU_Meta_Retargeting_2026Q2,17880,302,183.66,15,2026-08-01 03:12:44
2026-05-30,F-1002,AUR_EU_Meta_Retargeting_2026Q2,13641,242,139.47,20,2026-08-01 03:12:44
2026-05-31,F-1002,AUR_EU_Meta_Retargeting_2026Q2,11663,170,120.13,7,2026-08-01 03:12:44
2026-06-01,F-1002,AUR_EU_Meta_Retargeting_2026Q2,19452,345,185.4,19,2026-08-01 03:12:44
2026-06-02,F-1002,AUR_EU_Meta_Retargeting_2026Q2,23074,413,206.78,16,2026-08-01 03:12:44
2026-06-03,F-1002,AUR_EU_Meta_Retargeting_2026Q2,17983,265,178.41,9,2026-08-01 03:12:44
2026-06-04,F-1002,AUR_EU_Meta_Retargeting_2026Q2,18228,284,169.85,14,2026-08-01 03:12:44
2026-06-05,F-1002,AUR_EU_Meta_Retargeting_2026Q2,17424,270,160.45,10,2026-08-01 03:12:44
2026-06-06,F-1002,AUR_EU_Meta_Retargeting_2026Q2,14033,241,144.4,11,2026-08-01 03:12:44
2026-06-07,F-1002,AUR_EU_Meta_Retargeting_2026Q2,13884,232,141.39,6,2026-08-01 03:12:44
2026-06-08,F-1002,AUR_EU_Meta_Retargeting_2026Q2,21117,358,193.35,9,2026-08-01 03:12:44
2026-06-09,F-1002,AUR_EU_Meta_Retargeting_2026Q2,20135,319,196.24,14,2026-08-01 03:12:44
2026-06-10,F-1002,AUR_EU_Meta_Retargeting_2026Q2,21727,335,194.56,12,2026-08-01 03:12:44
2026-06-11,F-1002,AUR_EU_Meta_Retargeting_2026Q2,19253,262,193.0,11,2026-08-01 03:12:44
2026-06-12,F-1002,AUR_EU_Meta_Retargeting_2026Q2,17331,289,181.26,12,2026-08-01 03:12:44
2026-06-13,F-1002,AUR_EU_Meta_Retargeting_2026Q2,16140,250,144.51,10,2026-08-01 03:12:44
2026-06-14,F-1002,AUR_EU_Meta_Retargeting_2026Q2,15101,225,141.54,12,2026-08-01 03:12:44
2026-06-14,F-1002,AUR_EU_Meta_Retargeting_2026Q2,15101,225,141.54,12,2026-08-01 03:12:44
2026-06-15,F-1002,AUR_EU_Meta_Retargeting_2026Q2,17206,278,164.7,17,2026-08-01 03:12:44
2026-06-16,F-1002,AUR_EU_Meta_Retargeting_2026Q2,23492,325,217.04,10,2026-08-01 03:12:44
2026-06-17,F-1002,AUR_EU_Meta_Retargeting_2026Q2,15801,264,163.98,15,2026-08-01 03:12:44
2026-06-18,F-1002,AUR_EU_Meta_Retargeting_2026Q2,17881,254,174.08,10,2026-08-01 03:12:44
2026-06-19,F-1002,AUR_EU_Meta_Retargeting_2026Q2,14250,214,145.33,10,2026-08-01 03:12:44
2026-06-20,F-1002,AUR_EU_Meta_Retargeting_2026Q2,11384,168,115.88,2,2026-08-01 03:12:44
2026-06-21,F-1002,AUR_EU_Meta_Retargeting_2026Q2,13124,240,126.11,18,2026-08-01 03:12:44
2026-06-22,F-1002,AUR_EU_Meta_Retargeting_2026Q2,15583,215,155.9,11,2026-08-01 03:12:44
2026-06-23,F-1002,AUR_EU_Meta_Retargeting_2026Q2,21730,316,192.32,12,2026-08-01 03:12:44
2026-06-24,F-1002,AUR_EU_Meta_Retargeting_2026Q2,22193,365,215.16,15,2026-08-01 03:12:44
2026-06-25,F-1002,AUR_EU_Meta_Retargeting_2026Q2,21379,370,189.55,24,2026-08-01 03:12:44
2026-06-26,F-1002,AUR_EU_Meta_Retargeting_2026Q2,18273,297,171.1,10,2026-08-01 03:12:44
2026-06-27,F-1002,AUR_EU_Meta_Retargeting_2026Q2,11882,203,118.12,6,2026-08-01 03:12:44
2026-06-28,F-1002,AUR_EU_Meta_Retargeting_2026Q2,10804,179,112.08,7,2026-08-01 03:12:44
2026-06-29,F-1002,AUR_EU_Meta_Retargeting_2026Q2,15791,271,146.73,15,2026-08-01 03:12:44
2026-06-30,F-1002,AUR_EU_Meta_Retargeting_2026Q2,17499,281,179.23,18,2026-08-01 03:12:44
2026-07-01,F-1002,AUR_EU_Meta_Retargeting_2026Q2,23078,391,214.8,14,2026-08-01 03:12:44
2026-07-02,F-1002,AUR_EU_Meta_Retargeting_2026Q2,16393,229,152.61,10,2026-08-01 03:12:44
2026-07-03,F-1002,AUR_EU_Meta_Retargeting_2026Q2,16486,289,154.37,6,2026-08-01 03:12:44
2026-07-04,F-1002,AUR_EU_Meta_Retargeting_2026Q2,12823,179,117.31,7,2026-08-01 03:12:44
2026-07-05,F-1002,AUR_EU_Meta_Retargeting_2026Q2,12446,180,116.94,5,2026-08-01 03:12:44
2026-07-06,F-1002,AUR_EU_Meta_Retargeting_2026Q2,18854,318,187.02,15,2026-08-01 03:12:44
2026-07-07,F-1002,AUR_EU_Meta_Retargeting_2026Q2,20007,340,202.27,20,2026-08-01 03:12:44
2026-07-08,F-1002,AUR_EU_Meta_Retargeting_2026Q2,21923,355,203.33,0,2026-08-01 03:12:44
2026-07-09,F-1002,AUR_EU_Meta_Retargeting_2026Q2,19724,321,203.18,0,2026-08-01 03:12:44
2026-07-10,F-1002,AUR_EU_Meta_Retargeting_2026Q2,18133,250,158.64,0,2026-08-01 03:12:44
2026-07-11,F-1002,AUR_EU_Meta_Retargeting_2026Q2,14574,228,131.58,0,2026-08-01 03:12:44
2026-07-12,F-1002,AUR_EU_Meta_Retargeting_2026Q2,10943,197,98.51,10,2026-08-01 03:12:44
2026-07-13,F-1002,AUR_EU_Meta_Retargeting_2026Q2,21981,373,189.86,13,2026-08-01 03:12:44
2026-07-14,F-1002,AUR_EU_Meta_Retargeting_2026Q2,22990,365,213.06,18,2026-08-01 03:12:44
2026-07-15,F-1002,AUR_EU_Meta_Retargeting_2026Q2,19962,310,172.56,13,2026-08-01 03:12:44
2026-07-16,F-1002,AUR_EU_Meta_Retargeting_2026Q2,20995,316,184.79,19,2026-08-01 03:12:44
2026-07-17,F-1002,AUR_EU_Meta_Retargeting_2026Q2,14067,206,142.22,7,2026-08-01 03:12:44
2026-07-18,F-1002,AUR_EU_Meta_Retargeting_2026Q2,15915,264,137.82,12,2026-08-01 03:12:44
2026-07-19,F-1002,AUR_EU_Meta_Retargeting_2026Q2,13047,195,135.33,11,2026-08-01 03:12:44
2026-07-20,F-1002,AUR_EU_Meta_Retargeting_2026Q2,16950,292,159.05,8,2026-08-01 03:12:44
2026-07-21,F-1002,AUR_EU_Meta_Retargeting_2026Q2,20889,294,186.87,13,2026-08-01 03:12:44
2026-07-22,F-1002,AUR_EU_Meta_Retargeting_2026Q2,23024,416,216.08,22,2026-08-01 03:12:44
2026-07-23,F-1002,AUR_EU_Meta_Retargeting_2026Q2,21297,334,194.63,9,2026-08-01 03:12:44
2026-07-24,F-1002,AUR_EU_Meta_Retargeting_2026Q2,18621,275,191.47,14,2026-08-01 03:12:44
2026-07-25,F-1002,AUR_EU_Meta_Retargeting_2026Q2,14165,231,139.83,16,2026-08-01 03:12:44
2026-07-26,F-1002,AUR_EU_Meta_Retargeting_2026Q2,12666,173,119.96,1,2026-08-01 03:12:44
2026-07-27,F-1002,AUR_EU_Meta_Retargeting_2026Q2,16651,302,167.19,19,2026-08-01 03:12:44
2026-07-28,F-1002,AUR_EU_Meta_Retargeting_2026Q2,16406,290,164.29,18,2026-08-01 03:12:44
2026-07-29,F-1002,AUR_EU_Meta_Retargeting_2026Q2,18934,336,160.17,13,2026-08-01 03:12:44
2026-07-29,F-1002,AUR_EU_Meta_Retargeting_2026Q2,18934,336,181.78,17,2026-08-04 03:09:10
2026-07-30,F-1002,AUR_EU_Meta_Retargeting_2026Q2,17521,256,139.39,5,2026-08-01 03:12:44
2026-07-30,F-1002,AUR_EU_Meta_Retargeting_2026Q2,17521,256,158.66,7,2026-08-04 03:09:10
2026-07-31,F-1002,AUR_EU_Meta_Retargeting_2026Q2,18790,271,165.69,10,2026-08-01 03:12:44
2026-07-31,F-1002,AUR_EU_Meta_Retargeting_2026Q2,18790,271,182.61,14,2026-08-04 03:09:10
2026-05-01,F-1003,aurelia|prospecting|meta|may26,12712,125,116.07,7,2026-08-01 03:12:44
2026-05-02,F-1003,aurelia|prospecting|meta|may26,11020,126,111.06,1,2026-08-01 03:12:44
2026-05-03,F-1003,aurelia|prospecting|meta|may26,10444,116,100.88,4,2026-08-01 03:12:44
2026-05-04,F-1003,aurelia|prospecting|meta|may26,12570,139,131.07,5,2026-08-01 03:12:44
2026-05-05,F-1003,aurelia|prospecting|meta|may26,16557,173,156.69,4,2026-08-01 03:12:44
2026-05-06,F-1003,aurelia|prospecting|meta|may26,19665,184,173.56,7,2026-08-01 03:12:44
2026-05-07,F-1003,aurelia|prospecting|meta|may26,14739,138,130.09,8,2026-08-01 03:12:44
2026-05-08,F-1003,aurelia|prospecting|meta|may26,13047,140,128.24,3,2026-08-01 03:12:44
2026-05-09,F-1003,aurelia|prospecting|meta|may26,10678,97,108.58,0,2026-08-01 03:12:44
2026-05-10,F-1003,aurelia|prospecting|meta|may26,11096,98,104.9,5,2026-08-01 03:12:44
2026-05-11,F-1003,aurelia|prospecting|meta|may26,13496,154,125.8,4,2026-08-01 03:12:44
2026-05-12,F-1003,aurelia|prospecting|meta|may26,13591,151,138.24,4,2026-08-01 03:12:44
2026-05-13,F-1003,aurelia|prospecting|meta|may26,18096,195,162.58,7,2026-08-01 03:12:44
2026-05-14,F-1003,aurelia|prospecting|meta|may26,15554,138,142.82,4,2026-08-01 03:12:44
2026-05-15,F-1003,aurelia|prospecting|meta|may26,13241,139,124.53,1,2026-08-01 03:12:44
2026-05-16,F-1003,aurelia|prospecting|meta|may26,12057,103,104.65,2,2026-08-01 03:12:44
2026-05-17,F-1003,aurelia|prospecting|meta|may26,12644,124,112.88,3,2026-08-01 03:12:44
2026-05-18,F-1003,aurelia|prospecting|meta|may26,14031,122,128.06,6,2026-08-01 03:12:44
2026-05-19,F-1003,aurelia|prospecting|meta|may26,15842,176,153.8,3,2026-08-01 03:12:44
2026-05-20,F-1003,aurelia|prospecting|meta|may26,13824,129,140.65,3,2026-08-01 03:12:44
2026-05-21,F-1003,aurelia|prospecting|meta|may26,14374,151,129.96,4,2026-08-01 03:12:44
2026-05-22,F-1003,aurelia|prospecting|meta|may26,17463,162,159.13,7,2026-08-01 03:12:44
2026-05-23,F-1003,aurelia|prospecting|meta|may26,9769,99,102.42,2,2026-08-01 03:12:44
2026-05-24,F-1003,aurelia|prospecting|meta|may26,10091,112,97.55,3,2026-08-01 03:12:44
2026-05-25,F-1003,aurelia|prospecting|meta|may26,14078,132,139.27,4,2026-08-01 03:12:44
2026-05-26,F-1003,aurelia|prospecting|meta|may26,17610,169,160.97,6,2026-08-01 03:12:44
2026-05-27,F-1003,aurelia|prospecting|meta|may26,13675,151,131.85,6,2026-08-01 03:12:44
2026-05-28,F-1003,aurelia|prospecting|meta|may26,14388,134,126.25,7,2026-08-01 03:12:44
2026-05-29,F-1003,aurelia|prospecting|meta|may26,12339,121,125.54,2,2026-08-01 03:12:44
2026-05-30,F-1003,aurelia|prospecting|meta|may26,10966,97,105.1,1,2026-08-01 03:12:44
2026-05-31,F-1003,aurelia|prospecting|meta|may26,8795,80,89.08,2,2026-08-01 03:12:44
2026-06-01,F-1003,aurelia|prospecting|meta|may26,16710,166,153.74,3,2026-08-01 03:12:44
2026-06-02,F-1003,aurelia|prospecting|meta|may26,19728,216,184.12,5,2026-08-01 03:12:44
2026-06-03,F-1003,aurelia|prospecting|meta|may26,12903,113,134.44,4,2026-08-01 03:12:44
2026-06-04,F-1003,aurelia|prospecting|meta|may26,16906,183,177.21,10,2026-08-01 03:12:44
2026-06-05,F-1003,aurelia|prospecting|meta|may26,16179,148,151.62,6,2026-08-01 03:12:44
2026-06-06,F-1003,aurelia|prospecting|meta|may26,10230,88,90.85,3,2026-08-01 03:12:44
2026-06-07,F-1003,aurelia|prospecting|meta|may26,11419,131,113.06,2,2026-08-01 03:12:44
2026-06-08,F-1003,aurelia|prospecting|meta|may26,13391,146,138.84,5,2026-08-01 03:12:44
2026-06-09,F-1003,aurelia|prospecting|meta|may26,16213,171,154.73,9,2026-08-01 03:12:44
2026-06-10,F-1003,aurelia|prospecting|meta|may26,16423,160,155.86,2,2026-08-01 03:12:44
2026-06-11,F-1003,aurelia|prospecting|meta|may26,19006,163,168.66,4,2026-08-01 03:12:44
2026-06-12,F-1003,aurelia|prospecting|meta|may26,13299,149,135.15,4,2026-08-01 03:12:44
2026-06-13,F-1003,aurelia|prospecting|meta|may26,10355,91,98.66,2,2026-08-01 03:12:44
2026-06-14,F-1003,aurelia|prospecting|meta|may26,10577,106,106.65,0,2026-08-01 03:12:44
2026-06-14,F-1003,aurelia|prospecting|meta|may26,10577,106,106.65,0,2026-08-01 03:12:44
2026-06-15,F-1003,aurelia|prospecting|meta|may26,16495,154,155.38,4,2026-08-01 03:12:44
2026-06-16,F-1003,aurelia|prospecting|meta|may26,15371,135,144.69,4,2026-08-01 03:12:44
2026-06-17,F-1003,aurelia|prospecting|meta|may26,19502,188,180.09,7,2026-08-01 03:12:44
2026-06-18,F-1003,aurelia|prospecting|meta|may26,14627,126,143.24,4,2026-08-01 03:12:44
2026-06-19,F-1003,aurelia|prospecting|meta|may26,14524,160,134.77,4,2026-08-01 03:12:44
2026-06-20,F-1003,aurelia|prospecting|meta|may26,10608,105,95.94,4,2026-08-01 03:12:44
2026-06-21,F-1003,aurelia|prospecting|meta|may26,12164,118,123.95,4,2026-08-01 03:12:44
2026-06-22,F-1003,aurelia|prospecting|meta|may26,13066,146,134.76,3,2026-08-01 03:12:44
2026-06-23,F-1003,aurelia|prospecting|meta|may26,17537,191,161.12,5,2026-08-01 03:12:44
2026-06-24,F-1003,aurelia|prospecting|meta|may26,15182,130,155.76,4,2026-08-01 03:12:44
2026-06-25,F-1003,aurelia|prospecting|meta|may26,15314,154,141.11,2,2026-08-01 03:12:44
2026-06-26,F-1003,aurelia|prospecting|meta|may26,19158,176,168.56,8,2026-08-01 03:12:44
2026-06-27,F-1003,aurelia|prospecting|meta|may26,10867,123,99.8,0,2026-08-01 03:12:44
2026-06-28,F-1003,aurelia|prospecting|meta|may26,9523,94,99.31,1,2026-08-01 03:12:44
2026-06-29,F-1003,aurelia|prospecting|meta|may26,19413,176,179.25,5,2026-08-01 03:12:44
2026-06-30,F-1003,aurelia|prospecting|meta|may26,21299,208,193.84,8,2026-08-01 03:12:44
2026-07-01,F-1003,aurelia|prospecting|meta|may26,18087,197,172.32,6,2026-08-01 03:12:44
2026-07-02,F-1003,aurelia|prospecting|meta|may26,20477,214,178.27,3,2026-08-01 03:12:44
2026-07-03,F-1003,aurelia|prospecting|meta|may26,13306,145,131.64,4,2026-08-01 03:12:44
2026-07-04,F-1003,aurelia|prospecting|meta|may26,12741,116,119.5,1,2026-08-01 03:12:44
2026-07-05,F-1003,aurelia|prospecting|meta|may26,11092,120,98.8,2,2026-08-01 03:12:44
2026-07-06,F-1003,aurelia|prospecting|meta|may26,16832,165,158.59,4,2026-08-01 03:12:44
2026-07-07,F-1003,aurelia|prospecting|meta|may26,15315,158,146.36,5,2026-08-01 03:12:44
2026-07-08,F-1003,aurelia|prospecting|meta|may26,16694,160,159.89,0,2026-08-01 03:12:44
2026-07-09,F-1003,aurelia|prospecting|meta|may26,15640,153,149.43,0,2026-08-01 03:12:44
2026-07-10,F-1003,aurelia|prospecting|meta|may26,18181,204,167.35,0,2026-08-01 03:12:44
2026-07-11,F-1003,aurelia|prospecting|meta|may26,11237,127,117.81,0,2026-08-01 03:12:44
2026-07-12,F-1003,aurelia|prospecting|meta|may26,11330,115,110.54,3,2026-08-01 03:12:44
2026-07-13,F-1003,aurelia|prospecting|meta|may26,19700,192,187.32,5,2026-08-01 03:12:44
2026-07-14,F-1003,aurelia|prospecting|meta|may26,18432,181,165.54,9,2026-08-01 03:12:44
2026-07-15,F-1003,aurelia|prospecting|meta|may26,17376,191,153.06,9,2026-08-01 03:12:44
2026-07-16,F-1003,aurelia|prospecting|meta|may26,17803,203,171.87,5,2026-08-01 03:12:44
2026-07-17,F-1003,aurelia|prospecting|meta|may26,12782,145,133.21,2,2026-08-01 03:12:44
2026-07-18,F-1003,aurelia|prospecting|meta|may26,10461,100,106.83,5,2026-08-01 03:12:44
2026-07-19,F-1003,aurelia|prospecting|meta|may26,12576,108,125.66,5,2026-08-01 03:12:44
2026-07-20,F-1003,aurelia|prospecting|meta|may26,17657,188,161.58,3,2026-08-01 03:12:44
2026-07-21,F-1003,aurelia|prospecting|meta|may26,21936,237,192.08,5,2026-08-01 03:12:44
2026-07-22,F-1003,aurelia|prospecting|meta|may26,16517,172,168.98,6,2026-08-01 03:12:44
2026-07-23,F-1003,aurelia|prospecting|meta|may26,21805,244,195.85,10,2026-08-01 03:12:44
2026-07-24,F-1003,aurelia|prospecting|meta|may26,14556,129,146.45,8,2026-08-01 03:12:44
2026-07-25,F-1003,aurelia|prospecting|meta|may26,13364,142,125.99,5,2026-08-01 03:12:44
2026-07-26,F-1003,aurelia|prospecting|meta|may26,9047,89,94.29,0,2026-08-01 03:12:44
2026-07-27,F-1003,aurelia|prospecting|meta|may26,17188,181,149.24,5,2026-08-01 03:12:44
2026-07-28,F-1003,aurelia|prospecting|meta|may26,21911,230,193.74,3,2026-08-01 03:12:44
2026-07-29,F-1003,aurelia|prospecting|meta|may26,20636,216,191.4,6,2026-08-01 03:12:44
2026-07-29,F-1003,aurelia|prospecting|meta|may26,20636,216,208.65,8,2026-08-04 03:09:10
2026-07-30,F-1003,aurelia|prospecting|meta|may26,21976,218,176.66,5,2026-08-01 03:12:44
2026-07-30,F-1003,aurelia|prospecting|meta|may26,21976,218,192.32,7,2026-08-04 03:09:10
2026-07-31,F-1003,aurelia|prospecting|meta|may26,19158,208,152.74,6,2026-08-01 03:12:44
2026-07-31,F-1003,aurelia|prospecting|meta|may26,19158,208,165.69,8,2026-08-04 03:09:10
2026-05-01,F-1004,PeakFuel_US_Meta_Conversions,26508,340,268.67,11,2026-08-01 03:12:44
2026-05-02,F-1004,PeakFuel_US_Meta_Conversions,19742,212,171.26,11,2026-08-01 03:12:44
2026-05-03,F-1004,PeakFuel_US_Meta_Conversions,15948,192,161.79,9,2026-08-01 03:12:44
2026-05-04,F-1004,PeakFuel_US_Meta_Conversions,31809,355,306.24,22,2026-08-01 03:12:44
2026-05-05,F-1004,PeakFuel_US_Meta_Conversions,28024,288,264.24,18,2026-08-01 03:12:44
2026-05-06,F-1004,PeakFuel_US_Meta_Conversions,34799,454,319.81,26,2026-08-01 03:12:44
2026-05-07,F-1004,PeakFuel_US_Meta_Conversions,25593,293,238.96,19,2026-08-01 03:12:44
2026-05-08,F-1004,PeakFuel_US_Meta_Conversions,23282,298,229.32,12,2026-08-01 03:12:44
2026-05-09,F-1004,PeakFuel_US_Meta_Conversions,23346,281,203.18,14,2026-08-01 03:12:44
2026-05-10,F-1004,PeakFuel_US_Meta_Conversions,20414,278,193.46,18,2026-08-01 03:12:44
2026-05-11,F-1004,PeakFuel_US_Meta_Conversions,28750,311,261.95,13,2026-08-01 03:12:44
2026-05-12,F-1004,PeakFuel_US_Meta_Conversions,36727,451,325.35,25,2026-08-01 03:12:44
2026-05-13,F-1004,PeakFuel_US_Meta_Conversions,25245,334,244.96,17,2026-08-01 03:12:44
2026-05-14,F-1004,PeakFuel_US_Meta_Conversions,26566,303,274.41,13,2026-08-01 03:12:44
2026-05-15,F-1004,PeakFuel_US_Meta_Conversions,21760,244,211.82,11,2026-08-01 03:12:44
2026-05-16,F-1004,PeakFuel_US_Meta_Conversions,23069,294,204.07,17,2026-08-01 03:12:44
2026-05-17,F-1004,PeakFuel_US_Meta_Conversions,20929,281,192.24,11,2026-08-01 03:12:44
2026-05-18,F-1004,PeakFuel_US_Meta_Conversions,25554,308,222.63,13,2026-08-01 03:12:44
2026-05-19,F-1004,PeakFuel_US_Meta_Conversions,34218,410,304.25,11,2026-08-01 03:12:44
2026-05-20,F-1004,PeakFuel_US_Meta_Conversions,31359,342,278.12,23,2026-08-01 03:12:44
2026-05-21,F-1004,PeakFuel_US_Meta_Conversions,30176,337,271.96,14,2026-08-01 03:12:44
2026-05-22,F-1004,PeakFuel_US_Meta_Conversions,25290,324,244.78,19,2026-08-01 03:12:44
2026-05-23,F-1004,PeakFuel_US_Meta_Conversions,22298,262,218.89,11,2026-08-01 03:12:44
2026-05-24,F-1004,PeakFuel_US_Meta_Conversions,16945,206,170.23,14,2026-08-01 03:12:44
2026-05-25,F-1004,PeakFuel_US_Meta_Conversions,28560,387,257.67,20,2026-08-01 03:12:44
2026-05-26,F-1004,PeakFuel_US_Meta_Conversions,28598,319,287.83,10,2026-08-01 03:12:44
2026-05-27,F-1004,PeakFuel_US_Meta_Conversions,36992,462,323.46,25,2026-08-01 03:12:44
2026-05-28,F-1004,PeakFuel_US_Meta_Conversions,29286,393,287.51,16,2026-08-01 03:12:44
2026-05-29,F-1004,PeakFuel_US_Meta_Conversions,25381,316,244.22,12,2026-08-01 03:12:44
2026-05-30,F-1004,PeakFuel_US_Meta_Conversions,20627,265,201.29,16,2026-08-01 03:12:44
2026-05-31,F-1004,PeakFuel_US_Meta_Conversions,19523,260,174.89,23,2026-08-01 03:12:44
2026-06-01,F-1004,PeakFuel_US_Meta_Conversions,33210,346,291.9,14,2026-08-01 03:12:44
2026-06-02,F-1004,PeakFuel_US_Meta_Conversions,26380,332,268.0,15,2026-08-01 03:12:44
2026-06-03,F-1004,PeakFuel_US_Meta_Conversions,28355,376,279.3,23,2026-08-01 03:12:44
2026-06-04,F-1004,PeakFuel_US_Meta_Conversions,22895,280,238.77,17,2026-08-01 03:12:44
2026-06-05,F-1004,PeakFuel_US_Meta_Conversions,25887,322,262.43,19,2026-08-01 03:12:44
2026-06-06,F-1004,PeakFuel_US_Meta_Conversions,18604,202,172.21,12,2026-08-01 03:12:44
2026-06-07,F-1004,PeakFuel_US_Meta_Conversions,22707,282,216.95,14,2026-08-01 03:12:44
2026-06-08,F-1004,PeakFuel_US_Meta_Conversions,30187,372,291.14,20,2026-08-01 03:12:44
2026-06-09,F-1004,PeakFuel_US_Meta_Conversions,30000,412,300.72,23,2026-08-01 03:12:44
2026-06-10,F-1004,PeakFuel_US_Meta_Conversions,34260,374,328.81,23,2026-08-01 03:12:44
2026-06-11,F-1004,PeakFuel_US_Meta_Conversions,33327,409,295.66,14,2026-08-01 03:12:44
2026-06-12,F-1004,PeakFuel_US_Meta_Conversions,26163,350,249.21,14,2026-08-01 03:12:44
2026-06-13,F-1004,PeakFuel_US_Meta_Conversions,22099,302,232.73,18,2026-08-01 03:12:44
2026-06-14,F-1004,PeakFuel_US_Meta_Conversions,22977,273,216.44,20,2026-08-01 03:12:44
2026-06-14,F-1004,PeakFuel_US_Meta_Conversions,22977,273,216.44,20,2026-08-01 03:12:44
2026-06-15,F-1004,PKF_US_Meta_Conversions,28022,336,286.09,18,2026-08-01 03:12:44
2026-06-16,F-1004,PKF_US_Meta_Conversions,27611,315,250.78,18,2026-08-01 03:12:44
2026-06-17,F-1004,PKF_US_Meta_Conversions,30453,387,264.06,20,2026-08-01 03:12:44
2026-06-18,F-1004,PKF_US_Meta_Conversions,31142,331,296.99,21,2026-08-01 03:12:44
2026-06-19,F-1004,PKF_US_Meta_Conversions,34529,430,313.03,18,2026-08-01 03:12:44
2026-06-20,F-1004,PKF_US_Meta_Conversions,22959,237,229.83,11,2026-08-01 03:12:44
2026-06-21,F-1004,PKF_US_Meta_Conversions,20998,284,212.46,16,2026-08-01 03:12:44
2026-06-22,F-1004,PKF_US_Meta_Conversions,29842,327,310.68,24,2026-08-01 03:12:44
2026-06-23,F-1004,PKF_US_Meta_Conversions,32389,435,283.05,19,2026-08-01 03:12:44
2026-06-24,F-1004,PKF_US_Meta_Conversions,38298,401,336.23,21,2026-08-01 03:12:44
2026-06-25,F-1004,PKF_US_Meta_Conversions,34284,458,311.63,32,2026-08-01 03:12:44
2026-06-26,F-1004,PKF_US_Meta_Conversions,30790,356,297.62,16,2026-08-01 03:12:44
2026-06-27,F-1004,PKF_US_Meta_Conversions,19441,211,183.13,8,2026-08-01 03:12:44
2026-06-28,F-1004,PKF_US_Meta_Conversions,20448,261,215.66,11,2026-08-01 03:12:44
2026-06-29,F-1004,PKF_US_Meta_Conversions,37325,486,349.71,21,2026-08-01 03:12:44
2026-06-30,F-1004,PKF_US_Meta_Conversions,31414,354,322.52,21,2026-08-01 03:12:44
2026-07-01,F-1004,PKF_US_Meta_Conversions,42700,437,375.41,26,2026-08-01 03:12:44
2026-07-02,F-1004,PKF_US_Meta_Conversions,27791,341,266.67,13,2026-08-01 03:12:44
2026-07-03,F-1004,PKF_US_Meta_Conversions,27711,285,263.94,18,2026-08-01 03:12:44
2026-07-04,F-1004,PKF_US_Meta_Conversions,27254,365,253.49,21,2026-08-01 03:12:44
2026-07-05,F-1004,PKF_US_Meta_Conversions,17819,188,184.98,17,2026-08-01 03:12:44
2026-07-06,F-1004,PKF_US_Meta_Conversions,33530,421,325.78,20,2026-08-01 03:12:44
2026-07-07,F-1004,PKF_US_Meta_Conversions,39761,459,375.07,32,2026-08-01 03:12:44
2026-07-08,F-1004,PKF_US_Meta_Conversions,37156,457,375.81,0,2026-08-01 03:12:44
2026-07-09,F-1004,PKF_US_Meta_Conversions,27194,369,257.76,0,2026-08-01 03:12:44
2026-07-10,F-1004,PKF_US_Meta_Conversions,30194,377,264.47,0,2026-08-01 03:12:44
2026-07-11,F-1004,PKF_US_Meta_Conversions,26824,293,243.64,0,2026-08-01 03:12:44
2026-07-12,F-1004,PKF_US_Meta_Conversions,23326,313,219.16,18,2026-08-01 03:12:44
2026-07-13,F-1004,PKF_US_Meta_Conversions,25254,286,260.29,15,2026-08-01 03:12:44
2026-07-14,F-1004,PKF_US_Meta_Conversions,38147,451,332.63,20,2026-08-01 03:12:44
2026-07-15,F-1004,PKF_US_Meta_Conversions,39749,471,390.27,19,2026-08-01 03:12:44
2026-07-16,F-1004,PKF_US_Meta_Conversions,31787,341,328.73,18,2026-08-01 03:12:44
2026-07-17,F-1004,PKF_US_Meta_Conversions,36291,449,331.74,20,2026-08-01 03:12:44
2026-07-18,F-1004,PKF_US_Meta_Conversions,24040,330,253.67,19,2026-08-01 03:12:44
2026-07-19,F-1004,PKF_US_Meta_Conversions,20076,214,192.87,10,2026-08-01 03:12:44
2026-07-20,F-1004,PKF_US_Meta_Conversions,34533,389,319.86,25,2026-08-01 03:12:44
2026-07-21,F-1004,PKF_US_Meta_Conversions,33825,381,326.39,19,2026-08-01 03:12:44
2026-07-22,F-1004,PKF_US_Meta_Conversions,36351,472,335.56,31,2026-08-01 03:12:44
2026-07-23,F-1004,PKF_US_Meta_Conversions,31218,346,283.86,19,2026-08-01 03:12:44
2026-07-24,F-1004,PKF_US_Meta_Conversions,30677,335,285.19,26,2026-08-01 03:12:44
2026-07-25,F-1004,PKF_US_Meta_Conversions,21554,275,209.25,18,2026-08-01 03:12:44
2026-07-26,F-1004,PKF_US_Meta_Conversions,21610,228,219.92,12,2026-08-01 03:12:44
2026-07-27,F-1004,PKF_US_Meta_Conversions,40637,465,365.4,19,2026-08-01 03:12:44
2026-07-28,F-1004,PKF_US_Meta_Conversions,34743,376,364.85,15,2026-08-01 03:12:44
2026-07-29,F-1004,PKF_US_Meta_Conversions,33496,417,295.64,12,2026-08-01 03:12:44
2026-07-29,F-1004,PKF_US_Meta_Conversions,33496,417,331.26,16,2026-08-04 03:09:10
2026-07-30,F-1004,PKF_US_Meta_Conversions,39480,420,303.4,14,2026-08-01 03:12:44
2026-07-30,F-1004,PKF_US_Meta_Conversions,39480,420,342.25,18,2026-08-04 03:09:10
2026-07-31,F-1004,PKF_US_Meta_Conversions,32090,369,298.4,13,2026-08-01 03:12:44
2026-07-31,F-1004,PKF_US_Meta_Conversions,32090,369,330.58,16,2026-08-04 03:09:10
2026-05-01,F-1005,PeakFuel_CA_Meta_Prospecting,12517,145,122.1,8,2026-08-01 03:12:44
2026-05-02,F-1005,PeakFuel_CA_Meta_Prospecting,13110,155,115.0,6,2026-08-01 03:12:44
2026-05-03,F-1005,PeakFuel_CA_Meta_Prospecting,12371,120,109.87,5,2026-08-01 03:12:44
2026-05-04,F-1005,PeakFuel_CA_Meta_Prospecting,15666,184,150.45,6,2026-08-01 03:12:44
2026-05-05,F-1005,PeakFuel_CA_Meta_Prospecting,15462,185,142.35,3,2026-08-01 03:12:44
2026-05-06,F-1005,PeakFuel_CA_Meta_Prospecting,19808,221,178.68,7,2026-08-01 03:12:44
2026-05-07,F-1005,PeakFuel_CA_Meta_Prospecting,16949,165,174.45,7,2026-08-01 03:12:44
2026-05-08,F-1005,PeakFuel_CA_Meta_Prospecting,17862,168,158.46,4,2026-08-01 03:12:44
2026-05-09,F-1005,PeakFuel_CA_Meta_Prospecting,13143,144,122.42,3,2026-08-01 03:12:44
2026-05-10,F-1005,PeakFuel_CA_Meta_Prospecting,9860,104,89.68,6,2026-08-01 03:12:44
2026-05-11,F-1005,PeakFuel_CA_Meta_Prospecting,14695,145,145.4,2,2026-08-01 03:12:44
2026-05-12,F-1005,PeakFuel_CA_Meta_Prospecting,16534,186,158.01,7,2026-08-01 03:12:44
2026-05-13,F-1005,PeakFuel_CA_Meta_Prospecting,17519,190,151.92,6,2026-08-01 03:12:44
2026-05-14,F-1005,PeakFuel_CA_Meta_Prospecting,14844,147,136.86,6,2026-08-01 03:12:44
2026-05-15,F-1005,PeakFuel_CA_Meta_Prospecting,14819,162,149.16,6,2026-08-01 03:12:44
2026-05-16,F-1005,PeakFuel_CA_Meta_Prospecting,10326,122,104.27,5,2026-08-01 03:12:44
2026-05-17,F-1005,PeakFuel_CA_Meta_Prospecting,10330,125,91.68,9,2026-08-01 03:12:44
2026-05-18,F-1005,PeakFuel_CA_Meta_Prospecting,19507,204,178.67,12,2026-08-01 03:12:44
2026-05-19,F-1005,PeakFuel_CA_Meta_Prospecting,14255,145,143.02,2,2026-08-01 03:12:44
2026-05-20,F-1005,PeakFuel_CA_Meta_Prospecting,14927,153,149.17,7,2026-08-01 03:12:44
2026-05-21,F-1005,PeakFuel_CA_Meta_Prospecting,18738,226,173.0,15,2026-08-01 03:12:44
2026-05-22,F-1005,PeakFuel_CA_Meta_Prospecting,13349,129,136.09,6,2026-08-01 03:12:44
2026-05-23,F-1005,PeakFuel_CA_Meta_Prospecting,11940,133,103.96,6,2026-08-01 03:12:44
2026-05-24,F-1005,PeakFuel_CA_Meta_Prospecting,13354,145,117.69,7,2026-08-01 03:12:44
2026-05-25,F-1005,PeakFuel_CA_Meta_Prospecting,14780,181,146.14,10,2026-08-01 03:12:44
2026-05-26,F-1005,PeakFuel_CA_Meta_Prospecting,16507,184,166.98,9,2026-08-01 03:12:44
2026-05-27,F-1005,PeakFuel_CA_Meta_Prospecting,16159,173,155.2,3,2026-08-01 03:12:44
2026-05-28,F-1005,PeakFuel_CA_Meta_Prospecting,13337,164,139.69,8,2026-08-01 03:12:44
2026-05-29,F-1005,PeakFuel_CA_Meta_Prospecting,16965,206,157.38,9,2026-08-01 03:12:44
2026-05-30,F-1005,PeakFuel_CA_Meta_Prospecting,10540,131,95.66,9,2026-08-01 03:12:44
2026-05-31,F-1005,PeakFuel_CA_Meta_Prospecting,9423,103,93.96,4,2026-08-01 03:12:44
2026-06-01,F-1005,PeakFuel_CA_Meta_Prospecting,18703,191,166.47,9,2026-08-01 03:12:44
2026-06-02,F-1005,PeakFuel_CA_Meta_Prospecting,15772,181,139.15,6,2026-08-01 03:12:44
2026-06-03,F-1005,PeakFuel_CA_Meta_Prospecting,21630,259,187.57,9,2026-08-01 03:12:44
2026-06-04,F-1005,PeakFuel_CA_Meta_Prospecting,19625,205,171.9,12,2026-08-01 03:12:44
2026-06-05,F-1005,PeakFuel_CA_Meta_Prospecting,14187,174,142.77,9,2026-08-01 03:12:44
2026-06-06,F-1005,PeakFuel_CA_Meta_Prospecting,13194,152,126.95,5,2026-08-01 03:12:44
2026-06-07,F-1005,PeakFuel_CA_Meta_Prospecting,11034,111,98.52,2,2026-08-01 03:12:44
2026-06-08,F-1005,PeakFuel_CA_Meta_Prospecting,20456,221,182.02,12,2026-08-01 03:12:44
2026-06-09,F-1005,PeakFuel_CA_Meta_Prospecting,14243,168,146.35,8,2026-08-01 03:12:44
2026-06-10,F-1005,PeakFuel_CA_Meta_Prospecting,16455,166,167.04,3,2026-08-01 03:12:44
2026-06-11,F-1005,PeakFuel_CA_Meta_Prospecting,16892,164,151.41,6,2026-08-01 03:12:44
2026-06-12,F-1005,PeakFuel_CA_Meta_Prospecting,16069,170,141.5,10,2026-08-01 03:12:44
2026-06-13,F-1005,PeakFuel_CA_Meta_Prospecting,11648,112,111.14,4,2026-08-01 03:12:44
2026-06-14,F-1005,PeakFuel_CA_Meta_Prospecting,11036,135,101.69,2,2026-08-01 03:12:44
2026-06-14,F-1005,PeakFuel_CA_Meta_Prospecting,11036,135,101.69,2,2026-08-01 03:12:44
2026-06-15,F-1005,PKF_CA_Meta_Prospecting,16833,188,158.48,4,2026-08-01 03:12:44
2026-06-16,F-1005,PKF_CA_Meta_Prospecting,13355,166,138.79,8,2026-08-01 03:12:44
2026-06-17,F-1005,PKF_CA_Meta_Prospecting,15285,146,153.0,9,2026-08-01 03:12:44
2026-06-18,F-1005,PKF_CA_Meta_Prospecting,15775,148,155.0,3,2026-08-01 03:12:44
2026-06-19,F-1005,PKF_CA_Meta_Prospecting,15408,146,138.67,2,2026-08-01 03:12:44
2026-06-20,F-1005,PKF_CA_Meta_Prospecting,10692,103,96.35,6,2026-08-01 03:12:44
2026-06-21,F-1005,PKF_CA_Meta_Prospecting,9955,123,95.23,4,2026-08-01 03:12:44
2026-06-22,F-1005,PKF_CA_Meta_Prospecting,14694,149,136.84,10,2026-08-01 03:12:44
2026-06-23,F-1005,PKF_CA_Meta_Prospecting,14722,160,154.17,3,2026-08-01 03:12:44
2026-06-24,F-1005,PKF_CA_Meta_Prospecting,18287,205,160.79,4,2026-08-01 03:12:44
2026-06-25,F-1005,PKF_CA_Meta_Prospecting,17116,194,171.81,7,2026-08-01 03:12:44
2026-06-26,F-1005,PKF_CA_Meta_Prospecting,16300,159,168.42,10,2026-08-01 03:12:44
2026-06-27,F-1005,PKF_CA_Meta_Prospecting,14094,144,122.84,0,2026-08-01 03:12:44
2026-06-28,F-1005,PKF_CA_Meta_Prospecting,12115,142,108.28,4,2026-08-01 03:12:44
2026-06-29,F-1005,PKF_CA_Meta_Prospecting,17045,195,157.1,6,2026-08-01 03:12:44
2026-06-30,F-1005,PKF_CA_Meta_Prospecting,14461,144,152.46,7,2026-08-01 03:12:44
2026-07-01,F-1005,PKF_CA_Meta_Prospecting,21999,223,192.52,8,2026-08-01 03:12:44
2026-07-02,F-1005,PKF_CA_Meta_Prospecting,15719,178,151.37,5,2026-08-01 03:12:44
2026-07-03,F-1005,PKF_CA_Meta_Prospecting,16916,178,154.81,5,2026-08-01 03:12:44
2026-07-04,F-1005,PKF_CA_Meta_Prospecting,12491,156,123.37,10,2026-08-01 03:12:44
2026-07-05,F-1005,PKF_CA_Meta_Prospecting,11475,127,99.84,6,2026-08-01 03:12:44
2026-07-06,F-1005,PKF_CA_Meta_Prospecting,18471,229,189.28,14,2026-08-01 03:12:44
2026-07-07,F-1005,PKF_CA_Meta_Prospecting,18679,221,188.29,13,2026-08-01 03:12:44
2026-07-08,F-1005,PKF_CA_Meta_Prospecting,14455,168,143.77,0,2026-08-01 03:12:44
2026-07-09,F-1005,PKF_CA_Meta_Prospecting,15162,166,138.32,0,2026-08-01 03:12:44
2026-07-10,F-1005,PKF_CA_Meta_Prospecting,14828,165,137.34,0,2026-08-01 03:12:44
2026-07-11,F-1005,PKF_CA_Meta_Prospecting,13897,138,120.61,0,2026-08-01 03:12:44
2026-07-12,F-1005,PKF_CA_Meta_Prospecting,10232,122,102.96,5,2026-08-01 03:12:44
2026-07-13,F-1005,PKF_CA_Meta_Prospecting,15859,174,159.5,6,2026-08-01 03:12:44
2026-07-14,F-1005,PKF_CA_Meta_Prospecting,15918,177,155.85,7,2026-08-01 03:12:44
2026-07-15,F-1005,PKF_CA_Meta_Prospecting,21558,272,189.58,15,2026-08-01 03:12:44
2026-07-16,F-1005,PKF_CA_Meta_Prospecting,17384,170,181.74,7,2026-08-01 03:12:44
2026-07-17,F-1005,PKF_CA_Meta_Prospecting,15057,169,135.91,9,2026-08-01 03:12:44
2026-07-18,F-1005,PKF_CA_Meta_Prospecting,11904,142,102.9,4,2026-08-01 03:12:44
2026-07-19,F-1005,PKF_CA_Meta_Prospecting,9909,116,93.93,4,2026-08-01 03:12:44
2026-07-20,F-1005,PKF_CA_Meta_Prospecting,12749,154,133.93,5,2026-08-01 03:12:44
2026-07-21,F-1005,PKF_CA_Meta_Prospecting,16913,208,156.42,7,2026-08-01 03:12:44
2026-07-22,F-1005,PKF_CA_Meta_Prospecting,21278,266,185.24,10,2026-08-01 03:12:44
2026-07-23,F-1005,PKF_CA_Meta_Prospecting,19870,248,190.41,5,2026-08-01 03:12:44
2026-07-24,F-1005,PKF_CA_Meta_Prospecting,14675,159,142.29,8,2026-08-01 03:12:44
2026-07-25,F-1005,PKF_CA_Meta_Prospecting,12470,155,107.96,6,2026-08-01 03:12:44
2026-07-26,F-1005,PKF_CA_Meta_Prospecting,12949,145,123.81,5,2026-08-01 03:12:44
2026-07-27,F-1005,PKF_CA_Meta_Prospecting,20156,210,185.03,4,2026-08-01 03:12:44
2026-07-28,F-1005,PKF_CA_Meta_Prospecting,17225,209,179.4,11,2026-08-01 03:12:44
2026-07-29,F-1005,PKF_CA_Meta_Prospecting,17187,201,149.07,2,2026-08-01 03:12:44
2026-07-29,F-1005,PKF_CA_Meta_Prospecting,17187,201,164.8,3,2026-08-04 03:09:10
2026-07-30,F-1005,PKF_CA_Meta_Prospecting,16671,177,160.93,5,2026-08-01 03:12:44
2026-07-30,F-1005,PKF_CA_Meta_Prospecting,16671,177,173.74,7,2026-08-04 03:09:10
2026-07-31,F-1005,PKF_CA_Meta_Prospecting,15643,150,124.33,8,2026-08-01 03:12:44
2026-07-31,F-1005,PKF_CA_Meta_Prospecting,15643,150,137.11,10,2026-08-04 03:09:10
2026-05-01,F-1006,NMB_US_Meta_Prospecting_2026Q2,28526,292,300.39,6,2026-08-01 03:12:44
2026-05-02,F-1006,NMB_US_Meta_Prospecting_2026Q2,35198,325,307.06,15,2026-08-01 03:12:44
2026-05-03,F-1006,NMB_US_Meta_Prospecting_2026Q2,32785,318,304.74,10,2026-08-01 03:12:44
2026-05-04,F-1006,NMB_US_Meta_Prospecting_2026Q2,37773,329,378.37,11,2026-08-01 03:12:44
2026-05-05,F-1006,NMB_US_Meta_Prospecting_2026Q2,49380,518,443.54,13,2026-08-01 03:12:44
2026-05-06,F-1006,NMB_US_Meta_Prospecting_2026Q2,54472,585,474.56,8,2026-08-01 03:12:44
2026-05-07,F-1006,NMB_US_Meta_Prospecting_2026Q2,34804,385,331.01,10,2026-08-01 03:12:44
2026-05-08,F-1006,NMB_US_Meta_Prospecting_2026Q2,34703,296,304.31,8,2026-08-01 03:12:44
2026-05-09,F-1006,NMB_US_Meta_Prospecting_2026Q2,22758,229,239.76,4,2026-08-01 03:12:44
2026-05-10,F-1006,NMB_US_Meta_Prospecting_2026Q2,30659,267,298.36,6,2026-08-01 03:12:44
2026-05-11,F-1006,NMB_US_Meta_Prospecting_2026Q2,39799,374,365.27,14,2026-08-01 03:12:44
2026-05-12,F-1006,NMB_US_Meta_Prospecting_2026Q2,45331,479,444.38,8,2026-08-01 03:12:44
2026-05-13,F-1006,NMB_US_Meta_Prospecting_2026Q2,51140,536,485.19,14,2026-08-01 03:12:44
2026-05-14,F-1006,NMB_US_Meta_Prospecting_2026Q2,43947,462,400.28,12,2026-08-01 03:12:44
2026-05-15,F-1006,NMB_US_Meta_Prospecting_2026Q2,40859,354,414.7,12,2026-08-01 03:12:44
2026-05-16,F-1006,NMB_US_Meta_Prospecting_2026Q2,27352,239,261.38,8,2026-08-01 03:12:44
2026-05-17,F-1006,NMB_US_Meta_Prospecting_2026Q2,28456,299,282.45,4,2026-08-01 03:12:44
2026-05-18,F-1006,NMB_US_Meta_Prospecting_2026Q2,49069,420,439.93,12,2026-08-01 03:12:44
2026-05-19,F-1006,NMB_US_Meta_Prospecting_2026Q2,51813,528,468.93,12,2026-08-01 03:12:44
2026-05-20,F-1006,NMB_US_Meta_Prospecting_2026Q2,43395,427,422.56,15,2026-08-01 03:12:44
2026-05-21,F-1006,NMB_US_Meta_Prospecting_2026Q2,41851,422,400.95,13,2026-08-01 03:12:44
2026-05-22,F-1006,NMB_US_Meta_Prospecting_2026Q2,40774,432,400.15,7,2026-08-01 03:12:44
2026-05-23,F-1006,NMB_US_Meta_Prospecting_2026Q2,35647,336,326.74,12,2026-08-01 03:12:44
2026-05-24,F-1006,NMB_US_Meta_Prospecting_2026Q2,30026,301,284.6,7,2026-08-01 03:12:44
2026-05-25,F-1006,NMB_US_Meta_Prospecting_2026Q2,36268,346,342.33,9,2026-08-01 03:12:44
2026-05-26,F-1006,NMB_US_Meta_Prospecting_2026Q2,47833,481,448.7,19,2026-08-01 03:12:44
2026-05-27,F-1006,NMB_US_Meta_Prospecting_2026Q2,41697,371,377.83,6,2026-08-01 03:12:44
2026-05-28,F-1006,NMB_US_Meta_Prospecting_2026Q2,36279,314,355.65,8,2026-08-01 03:12:44
2026-05-29,F-1006,NMB_US_Meta_Prospecting_2026Q2,39542,420,393.93,10,2026-08-01 03:12:44
2026-05-30,F-1006,NMB_US_Meta_Prospecting_2026Q2,34778,312,304.9,11,2026-08-01 03:12:44
2026-05-31,F-1006,NMB_US_Meta_Prospecting_2026Q2,27592,266,269.61,6,2026-08-01 03:12:44
2026-06-01,F-1006,NMB_US_Meta_Prospecting_2026Q2,45687,392,400.82,9,2026-08-01 03:12:44
2026-06-02,F-1006,NMB_US_Meta_Prospecting_2026Q2,47549,436,415.71,10,2026-08-01 03:12:44
2026-06-03,F-1006,NMB_US_Meta_Prospecting_2026Q2,50283,520,454.65,15,2026-08-01 03:12:44
2026-06-04,F-1006,NMB_US_Meta_Prospecting_2026Q2,42461,441,412.66,8,2026-08-01 03:12:44
2026-06-05,F-1006,NMB_US_Meta_Prospecting_2026Q2,38364,329,392.88,13,2026-08-01 03:12:44
2026-06-06,F-1006,NMB_US_Meta_Prospecting_2026Q2,28774,259,264.43,3,2026-08-01 03:12:44
2026-06-07,F-1006,NMB_US_Meta_Prospecting_2026Q2,26753,269,278.16,9,2026-08-01 03:12:44
2026-06-08,F-1006,NMB_US_Meta_Prospecting_2026Q2,45402,414,445.79,10,2026-08-01 03:12:44
2026-06-09,F-1006,NMB_US_Meta_Prospecting_2026Q2,40819,447,430.71,6,2026-08-01 03:12:44
2026-06-10,F-1006,NMB_US_Meta_Prospecting_2026Q2,44207,377,441.32,14,2026-08-01 03:12:44
2026-06-11,F-1006,NMB_US_Meta_Prospecting_2026Q2,33933,384,345.35,6,2026-08-01 03:12:44
2026-06-12,F-1006,NMB_US_Meta_Prospecting_2026Q2,38250,350,338.07,10,2026-08-01 03:12:44
2026-06-13,F-1006,NMB_US_Meta_Prospecting_2026Q2,28518,261,294.85,5,2026-08-01 03:12:44
2026-06-14,F-1006,NMB_US_Meta_Prospecting_2026Q2,27600,278,243.74,13,2026-08-01 03:12:44
2026-06-14,F-1006,NMB_US_Meta_Prospecting_2026Q2,27600,278,243.74,13,2026-08-01 03:12:44
2026-06-15,F-1006,NMB_US_Meta_Prospecting_2026Q2,42589,417,431.58,9,2026-08-01 03:12:44
2026-06-16,F-1006,NMB_US_Meta_Prospecting_2026Q2,44485,458,403.3,14,2026-08-01 03:12:44
2026-06-17,F-1006,NMB_US_Meta_Prospecting_2026Q2,38077,359,370.53,7,2026-08-01 03:12:44
2026-06-18,F-1006,NMB_US_Meta_Prospecting_2026Q2,49019,468,456.51,19,2026-08-01 03:12:44
2026-06-19,F-1006,NMB_US_Meta_Prospecting_2026Q2,42426,475,390.06,10,2026-08-01 03:12:44
2026-06-20,F-1006,NMB_US_Meta_Prospecting_2026Q2,36497,400,338.6,14,2026-08-01 03:12:44
2026-06-21,F-1006,NMB_US_Meta_Prospecting_2026Q2,36181,407,329.74,10,2026-08-01 03:12:44
2026-06-22,F-1006,NMB_US_Meta_Prospecting_2026Q2,35278,320,364.71,8,2026-08-01 03:12:44
2026-06-23,F-1006,NMB_US_Meta_Prospecting_2026Q2,48333,532,456.59,11,2026-08-01 03:12:44
2026-06-24,F-1006,NMB_US_Meta_Prospecting_2026Q2,41359,380,405.39,12,2026-08-01 03:12:44
2026-06-25,F-1006,NMB_US_Meta_Prospecting_2026Q2,53226,462,486.98,18,2026-08-01 03:12:44
2026-06-26,F-1006,NMB_US_Meta_Prospecting_2026Q2,39173,390,375.19,7,2026-08-01 03:12:44
2026-06-27,F-1006,NMB_US_Meta_Prospecting_2026Q2,26198,237,261.12,5,2026-08-01 03:12:44
2026-06-28,F-1006,NMB_US_Meta_Prospecting_2026Q2,34578,381,324.08,11,2026-08-01 03:12:44
2026-06-29,F-1006,NMB_US_Meta_Prospecting_2026Q2,40342,346,411.24,9,2026-08-01 03:12:44
2026-06-30,F-1006,NMB_US_Meta_Prospecting_2026Q2,44315,491,432.85,8,2026-08-01 03:12:44
2026-07-01,F-1006,NMB_US_Meta_Prospecting_2026Q2,47953,409,479.79,9,2026-08-01 03:12:44
2026-07-02,F-1006,NMB_US_Meta_Prospecting_2026Q2,54588,480,496.2,14,2026-08-01 03:12:44
2026-07-03,F-1006,NMB_US_Meta_Prospecting_2026Q2,45294,463,458.8,13,2026-08-01 03:12:44
2026-07-04,F-1006,NMB_US_Meta_Prospecting_2026Q2,34195,348,330.28,8,2026-08-01 03:12:44
2026-07-05,F-1006,NMB_US_Meta_Prospecting_2026Q2,32327,310,284.43,7,2026-08-01 03:12:44
2026-07-06,F-1006,NMB_US_Meta_Prospecting_2026Q2,44408,477,465.66,12,2026-08-01 03:12:44
2026-07-07,F-1006,NMB_US_Meta_Prospecting_2026Q2,46278,444,478.99,8,2026-08-01 03:12:44
2026-07-08,F-1006,NMB_US_Meta_Prospecting_2026Q2,39164,421,380.44,0,2026-08-01 03:12:44
2026-07-09,F-1006,NMB_US_Meta_Prospecting_2026Q2,50432,466,466.94,0,2026-08-01 03:12:44
2026-07-10,F-1006,NMB_US_Meta_Prospecting_2026Q2,51247,461,474.15,0,2026-08-01 03:12:44
2026-07-11,F-1006,NMB_US_Meta_Prospecting_2026Q2,26746,260,255.61,0,2026-08-01 03:12:44
2026-07-12,F-1006,NMB_US_Meta_Prospecting_2026Q2,30297,272,268.48,8,2026-08-01 03:12:44
2026-07-13,F-1006,NMB_US_Meta_Prospecting_2026Q2,43525,392,420.17,8,2026-08-01 03:12:44
2026-07-14,F-1006,NMB_US_Meta_Prospecting_2026Q2,44015,445,413.97,14,2026-08-01 03:12:44
2026-07-15,F-1006,NMB_US_Meta_Prospecting_2026Q2,50282,549,466.48,13,2026-08-01 03:12:44
2026-07-16,F-1006,NMB_US_Meta_Prospecting_2026Q2,47482,452,483.02,13,2026-08-01 03:12:44
2026-07-17,F-1006,NMB_US_Meta_Prospecting_2026Q2,43092,446,447.94,17,2026-08-01 03:12:44
2026-07-18,F-1006,NMB_US_Meta_Prospecting_2026Q2,33813,358,304.08,9,2026-08-01 03:12:44
2026-07-19,F-1006,NMB_US_Meta_Prospecting_2026Q2,31078,329,305.63,10,2026-08-01 03:12:44
2026-07-20,F-1006,NMB_US_Meta_Prospecting_2026Q2,35360,368,361.63,11,2026-08-01 03:12:44
2026-07-21,F-1006,NMB_US_Meta_Prospecting_2026Q2,43822,480,414.83,20,2026-08-01 03:12:44
2026-07-22,F-1006,NMB_US_Meta_Prospecting_2026Q2,52200,563,512.91,8,2026-08-01 03:12:44
2026-07-23,F-1006,NMB_US_Meta_Prospecting_2026Q2,46074,452,464.04,13,2026-08-01 03:12:44
2026-07-24,F-1006,NMB_US_Meta_Prospecting_2026Q2,44929,465,407.2,8,2026-08-01 03:12:44
2026-07-25,F-1006,NMB_US_Meta_Prospecting_2026Q2,40366,382,373.06,6,2026-08-01 03:12:44
2026-07-26,F-1006,NMB_US_Meta_Prospecting_2026Q2,33629,298,290.71,12,2026-08-01 03:12:44
2026-07-27,F-1006,NMB_US_Meta_Prospecting_2026Q2,42265,419,436.44,7,2026-08-01 03:12:44
2026-07-28,F-1006,NMB_US_Meta_Prospecting_2026Q2,41457,379,393.82,5,2026-08-01 03:12:44
2026-07-29,F-1006,NMB_US_Meta_Prospecting_2026Q2,53943,491,458.07,13,2026-08-01 03:12:44
2026-07-29,F-1006,NMB_US_Meta_Prospecting_2026Q2,53943,491,525.71,16,2026-08-04 03:09:10
2026-07-30,F-1006,NMB_US_Meta_Prospecting_2026Q2,53780,503,472.54,9,2026-08-01 03:12:44
2026-07-30,F-1006,NMB_US_Meta_Prospecting_2026Q2,53780,503,516.31,12,2026-08-04 03:09:10
2026-07-31,F-1006,NMB_US_Meta_Prospecting_2026Q2,43585,459,374.22,9,2026-08-01 03:12:44
2026-07-31,F-1006,NMB_US_Meta_Prospecting_2026Q2,43585,459,429.84,11,2026-08-04 03:09:10
2026-05-01,F-1007,NMB_US_Meta_Retargeting_2026Q2,16657,233,168.91,8,2026-08-01 03:12:44
2026-05-02,F-1007,NMB_US_Meta_Retargeting_2026Q2,12444,179,128.57,10,2026-08-01 03:12:44
2026-05-03,F-1007,NMB_US_Meta_Retargeting_2026Q2,10459,171,105.53,8,2026-08-01 03:12:44
2026-05-04,F-1007,NMB_US_Meta_Retargeting_2026Q2,18672,244,186.77,7,2026-08-01 03:12:44
2026-05-05,F-1007,NMB_US_Meta_Retargeting_2026Q2,17899,307,173.31,11,2026-08-01 03:12:44
2026-05-06,F-1007,NMB_US_Meta_Retargeting_2026Q2,15786,231,143.84,8,2026-08-01 03:12:44
2026-05-07,F-1007,NMB_US_Meta_Retargeting_2026Q2,16714,283,158.95,14,2026-08-01 03:12:44
2026-05-08,F-1007,NMB_US_Meta_Retargeting_2026Q2,16793,259,149.62,11,2026-08-01 03:12:44
2026-05-09,F-1007,NMB_US_Meta_Retargeting_2026Q2,10400,162,97.09,7,2026-08-01 03:12:44
2026-05-10,F-1007,NMB_US_Meta_Retargeting_2026Q2,12184,183,125.01,11,2026-08-01 03:12:44
2026-05-11,F-1007,NMB_US_Meta_Retargeting_2026Q2,15636,263,137.27,9,2026-08-01 03:12:44
2026-05-12,F-1007,NMB_US_Meta_Retargeting_2026Q2,19204,261,180.26,16,2026-08-01 03:12:44
2026-05-13,F-1007,NMB_US_Meta_Retargeting_2026Q2,15559,211,157.24,5,2026-08-01 03:12:44
2026-05-14,F-1007,NMB_US_Meta_Retargeting_2026Q2,14405,192,142.08,7,2026-08-01 03:12:44
2026-05-15,F-1007,NMB_US_Meta_Retargeting_2026Q2,18547,272,172.32,12,2026-08-01 03:12:44
2026-05-16,F-1007,NMB_US_Meta_Retargeting_2026Q2,13500,205,121.64,8,2026-08-01 03:12:44
2026-05-17,F-1007,NMB_US_Meta_Retargeting_2026Q2,12580,198,124.2,5,2026-08-01 03:12:44
2026-05-18,F-1007,NMB_US_Meta_Retargeting_2026Q2,16857,287,168.69,7,2026-08-01 03:12:44
2026-05-19,F-1007,NMB_US_Meta_Retargeting_2026Q2,15243,203,154.18,7,2026-08-01 03:12:44
2026-05-20,F-1007,NMB_US_Meta_Retargeting_2026Q2,23099,337,212.51,11,2026-08-01 03:12:44
2026-05-21,F-1007,NMB_US_Meta_Retargeting_2026Q2,19072,326,171.24,15,2026-08-01 03:12:44
2026-05-22,F-1007,NMB_US_Meta_Retargeting_2026Q2,16687,216,147.85,6,2026-08-01 03:12:44
2026-05-23,F-1007,NMB_US_Meta_Retargeting_2026Q2,12676,171,110.36,5,2026-08-01 03:12:44
2026-05-24,F-1007,NMB_US_Meta_Retargeting_2026Q2,13812,235,127.51,7,2026-08-01 03:12:44
2026-05-25,F-1007,NMB_US_Meta_Retargeting_2026Q2,15135,256,158.0,8,2026-08-01 03:12:44
2026-05-26,F-1007,NMB_US_Meta_Retargeting_2026Q2,18505,269,186.69,10,2026-08-01 03:12:44
2026-05-27,F-1007,NMB_US_Meta_Retargeting_2026Q2,19960,311,191.49,12,2026-08-01 03:12:44
2026-05-28,F-1007,NMB_US_Meta_Retargeting_2026Q2,17867,290,175.63,9,2026-08-01 03:12:44
2026-05-29,F-1007,NMB_US_Meta_Retargeting_2026Q2,18646,314,183.6,10,2026-08-01 03:12:44
2026-05-30,F-1007,NMB_US_Meta_Retargeting_2026Q2,10390,153,103.11,5,2026-08-01 03:12:44
2026-05-31,F-1007,NMB_US_Meta_Retargeting_2026Q2,12847,214,135.12,7,2026-08-01 03:12:44
2026-06-01,F-1007,NMB_US_Meta_Retargeting_2026Q2,20058,328,196.9,18,2026-08-01 03:12:44
2026-06-02,F-1007,NMB_US_Meta_Retargeting_2026Q2,20608,308,200.08,19,2026-08-01 03:12:44
2026-06-03,F-1007,NMB_US_Meta_Retargeting_2026Q2,15072,210,156.26,13,2026-08-01 03:12:44
2026-06-04,F-1007,NMB_US_Meta_Retargeting_2026Q2,18187,241,172.31,11,2026-08-01 03:12:44
2026-06-05,F-1007,NMB_US_Meta_Retargeting_2026Q2,14272,192,139.65,12,2026-08-01 03:12:44
2026-06-06,F-1007,NMB_US_Meta_Retargeting_2026Q2,11583,156,108.24,7,2026-08-01 03:12:44
2026-06-07,F-1007,NMB_US_Meta_Retargeting_2026Q2,14111,230,132.14,8,2026-08-01 03:12:44
2026-06-08,F-1007,NMB_US_Meta_Retargeting_2026Q2,16622,248,162.81,9,2026-08-01 03:12:44
2026-06-09,F-1007,NMB_US_Meta_Retargeting_2026Q2,17999,301,156.1,14,2026-08-01 03:12:44
2026-06-10,F-1007,NMB_US_Meta_Retargeting_2026Q2,18839,248,179.19,21,2026-08-01 03:12:44
2026-06-11,F-1007,NMB_US_Meta_Retargeting_2026Q2,17878,303,182.36,13,2026-08-01 03:12:44
2026-06-12,F-1007,NMB_US_Meta_Retargeting_2026Q2,15228,204,137.65,3,2026-08-01 03:12:44
2026-06-13,F-1007,NMB_US_Meta_Retargeting_2026Q2,13722,189,129.3,10,2026-08-01 03:12:44
2026-06-14,F-1007,NMB_US_Meta_Retargeting_2026Q2,14980,205,133.32,13,2026-08-01 03:12:44
2026-06-14,F-1007,NMB_US_Meta_Retargeting_2026Q2,14980,205,133.32,13,2026-08-01 03:12:44
2026-06-15,F-1007,NMB_US_Meta_Retargeting_2026Q2,16625,245,166.8,10,2026-08-01 03:12:44
2026-06-16,F-1007,NMB_US_Meta_Retargeting_2026Q2,22551,386,215.13,15,2026-08-01 03:12:44
2026-06-17,F-1007,NMB_US_Meta_Retargeting_2026Q2,23603,326,218.1,15,2026-08-01 03:12:44
2026-06-18,F-1007,NMB_US_Meta_Retargeting_2026Q2,17634,264,173.47,11,2026-08-01 03:12:44
2026-06-19,F-1007,NMB_US_Meta_Retargeting_2026Q2,17305,232,170.46,13,2026-08-01 03:12:44
2026-06-20,F-1007,NMB_US_Meta_Retargeting_2026Q2,13605,203,136.14,12,2026-08-01 03:12:44
2026-06-21,F-1007,NMB_US_Meta_Retargeting_2026Q2,11894,200,105.98,4,2026-08-01 03:12:44
2026-06-22,F-1007,NMB_US_Meta_Retargeting_2026Q2,17211,241,152.68,10,2026-08-01 03:12:44
2026-06-23,F-1007,NMB_US_Meta_Retargeting_2026Q2,18378,307,161.75,16,2026-08-01 03:12:44
2026-06-24,F-1007,NMB_US_Meta_Retargeting_2026Q2,21572,339,191.96,17,2026-08-01 03:12:44
2026-06-25,F-1007,NMB_US_Meta_Retargeting_2026Q2,20792,352,188.42,12,2026-08-01 03:12:44
2026-06-26,F-1007,NMB_US_Meta_Retargeting_2026Q2,21983,320,201.99,17,2026-08-01 03:12:44
2026-06-27,F-1007,NMB_US_Meta_Retargeting_2026Q2,12106,166,108.07,13,2026-08-01 03:12:44
2026-06-28,F-1007,NMB_US_Meta_Retargeting_2026Q2,13262,210,133.6,11,2026-08-01 03:12:44
2026-06-29,F-1007,NMB_US_Meta_Retargeting_2026Q2,18701,294,176.87,13,2026-08-01 03:12:44
2026-06-30,F-1007,NMB_US_Meta_Retargeting_2026Q2,21952,332,223.31,11,2026-08-01 03:12:44
2026-07-01,F-1007,NMB_US_Meta_Retargeting_2026Q2,16835,250,168.82,13,2026-08-01 03:12:44
2026-07-02,F-1007,NMB_US_Meta_Retargeting_2026Q2,19082,301,181.17,16,2026-08-01 03:12:44
2026-07-03,F-1007,NMB_US_Meta_Retargeting_2026Q2,20239,291,178.51,10,2026-08-01 03:12:44
2026-07-04,F-1007,NMB_US_Meta_Retargeting_2026Q2,12923,181,135.08,6,2026-08-01 03:12:44
2026-07-05,F-1007,NMB_US_Meta_Retargeting_2026Q2,13019,208,133.0,8,2026-08-01 03:12:44
2026-07-06,F-1007,NMB_US_Meta_Retargeting_2026Q2,16295,243,154.77,9,2026-08-01 03:12:44
2026-07-07,F-1007,NMB_US_Meta_Retargeting_2026Q2,19768,303,203.6,17,2026-08-01 03:12:44
2026-07-08,F-1007,NMB_US_Meta_Retargeting_2026Q2,23732,388,216.14,0,2026-08-01 03:12:44
2026-07-09,F-1007,NMB_US_Meta_Retargeting_2026Q2,19919,302,182.25,0,2026-08-01 03:12:44
2026-07-10,F-1007,NMB_US_Meta_Retargeting_2026Q2,17674,277,155.18,0,2026-08-01 03:12:44
2026-07-11,F-1007,NMB_US_Meta_Retargeting_2026Q2,15243,227,149.95,0,2026-08-01 03:12:44
2026-07-12,F-1007,NMB_US_Meta_Retargeting_2026Q2,11580,158,113.91,11,2026-08-01 03:12:44
2026-07-13,F-1007,NMB_US_Meta_Retargeting_2026Q2,21696,363,202.83,9,2026-08-01 03:12:44
2026-07-14,F-1007,NMB_US_Meta_Retargeting_2026Q2,19735,334,204.26,15,2026-08-01 03:12:44
2026-07-15,F-1007,NMB_US_Meta_Retargeting_2026Q2,23320,390,238.16,16,2026-08-01 03:12:44
2026-07-16,F-1007,NMB_US_Meta_Retargeting_2026Q2,18265,273,170.53,11,2026-08-01 03:12:44
2026-07-17,F-1007,NMB_US_Meta_Retargeting_2026Q2,22158,283,197.32,6,2026-08-01 03:12:44
2026-07-18,F-1007,NMB_US_Meta_Retargeting_2026Q2,12868,169,116.02,6,2026-08-01 03:12:44
2026-07-19,F-1007,NMB_US_Meta_Retargeting_2026Q2,12806,183,120.42,13,2026-08-01 03:12:44
2026-07-20,F-1007,NMB_US_Meta_Retargeting_2026Q2,15828,264,161.0,5,2026-08-01 03:12:44
2026-07-21,F-1007,NMB_US_Meta_Retargeting_2026Q2,20248,349,179.35,12,2026-08-01 03:12:44
2026-07-22,F-1007,NMB_US_Meta_Retargeting_2026Q2,24573,414,243.62,16,2026-08-01 03:12:44
2026-07-23,F-1007,NMB_US_Meta_Retargeting_2026Q2,19481,314,201.09,6,2026-08-01 03:12:44
2026-07-24,F-1007,NMB_US_Meta_Retargeting_2026Q2,20873,331,181.93,12,2026-08-01 03:12:44
2026-07-25,F-1007,NMB_US_Meta_Retargeting_2026Q2,12353,203,115.85,10,2026-08-01 03:12:44
2026-07-26,F-1007,NMB_US_Meta_Retargeting_2026Q2,11621,165,117.9,7,2026-08-01 03:12:44
2026-07-27,F-1007,NMB_US_Meta_Retargeting_2026Q2,18880,296,175.73,5,2026-08-01 03:12:44
2026-07-28,F-1007,NMB_US_Meta_Retargeting_2026Q2,18528,237,172.59,11,2026-08-01 03:12:44
2026-07-29,F-1007,NMB_US_Meta_Retargeting_2026Q2,25346,325,195.26,6,2026-08-01 03:12:44
2026-07-29,F-1007,NMB_US_Meta_Retargeting_2026Q2,25346,325,224.3,8,2026-08-04 03:09:10
2026-07-30,F-1007,NMB_US_Meta_Retargeting_2026Q2,20136,301,167.76,9,2026-08-01 03:12:44
2026-07-30,F-1007,NMB_US_Meta_Retargeting_2026Q2,20136,301,193.68,11,2026-08-04 03:09:10
2026-07-31,F-1007,NMB_US_Meta_Retargeting_2026Q2,19970,309,154.11,11,2026-08-01 03:12:44
2026-07-31,F-1007,NMB_US_Meta_Retargeting_2026Q2,19970,309,173.79,15,2026-08-04 03:09:10
2026-05-01,F-1008,Campaign #17 - old test,1629,11,15.1,0,2026-08-01 03:12:44
2026-05-02,F-1008,Campaign #17 - old test,1426,9,13.27,0,2026-08-01 03:12:44
2026-05-03,F-1008,Campaign #17 - old test,1214,6,11.21,0,2026-08-01 03:12:44
2026-05-04,F-1008,Campaign #17 - old test,2144,12,20.01,0,2026-08-01 03:12:44
2026-05-05,F-1008,Campaign #17 - old test,1712,8,16.66,0,2026-08-01 03:12:44
2026-05-06,F-1008,Campaign #17 - old test,2406,14,21.04,0,2026-08-01 03:12:44
2026-05-07,F-1008,Campaign #17 - old test,1863,10,16.66,0,2026-08-01 03:12:44
2026-05-08,F-1008,Campaign #17 - old test,2200,15,19.67,0,2026-08-01 03:12:44
2026-05-09,F-1008,Campaign #17 - old test,1231,8,12.43,0,2026-08-01 03:12:44
2026-05-10,F-1008,Campaign #17 - old test,1489,8,14.55,0,2026-08-01 03:12:44
2026-05-11,F-1008,Campaign #17 - old test,1532,10,15.38,0,2026-08-01 03:12:44
2026-05-12,F-1008,Campaign #17 - old test,2310,12,22.25,0,2026-08-01 03:12:44
2026-05-13,F-1008,Campaign #17 - old test,1824,9,17.6,0,2026-08-01 03:12:44
2026-05-14,F-1008,Campaign #17 - old test,2222,12,20.5,0,2026-08-01 03:12:44
2026-05-15,F-1008,Campaign #17 - old test,1977,13,19.97,0,2026-08-01 03:12:44
2026-05-16,F-1008,Campaign #17 - old test,1329,8,12.78,0,2026-08-01 03:12:44
2026-05-17,F-1008,Campaign #17 - old test,1480,9,13.35,0,2026-08-01 03:12:44
2026-05-18,F-1008,Campaign #17 - old test,1495,9,15.22,0,2026-08-01 03:12:44
2026-05-19,F-1008,Campaign #17 - old test,2105,13,18.3,0,2026-08-01 03:12:44
2026-05-20,F-1008,Campaign #17 - old test,1671,10,17.14,0,2026-08-01 03:12:44
2026-05-21,F-1008,Campaign #17 - old test,1733,9,17.28,0,2026-08-01 03:12:44
2026-05-22,F-1008,Campaign #17 - old test,1588,10,14.94,0,2026-08-01 03:12:44
2026-05-23,F-1008,Campaign #17 - old test,1215,6,11.05,0,2026-08-01 03:12:44
2026-05-24,F-1008,Campaign #17 - old test,1242,7,10.78,0,2026-08-01 03:12:44
2026-05-25,F-1008,Campaign #17 - old test,2246,13,19.66,0,2026-08-01 03:12:44
2026-05-26,F-1008,Campaign #17 - old test,2207,13,22.82,0,2026-08-01 03:12:44
2026-05-27,F-1008,Campaign #17 - old test,1928,13,18.04,0,2026-08-01 03:12:44
2026-05-28,F-1008,Campaign #17 - old test,2001,13,17.89,0,2026-08-01 03:12:44
2026-05-29,F-1008,Campaign #17 - old test,1863,11,18.0,0,2026-08-01 03:12:44
2026-05-30,F-1008,Campaign #17 - old test,1700,11,15.41,0,2026-08-01 03:12:44
2026-05-31,F-1008,Campaign #17 - old test,1159,7,12.1,0,2026-08-01 03:12:44
2026-06-01,F-1008,Campaign #17 - old test,1977,10,19.4,0,2026-08-01 03:12:44
2026-06-02,F-1008,Campaign #17 - old test,2289,15,20.22,0,2026-08-01 03:12:44
2026-06-03,F-1008,Campaign #17 - old test,2391,13,21.35,0,2026-08-01 03:12:44
2026-06-04,F-1008,Campaign #17 - old test,2389,15,20.9,1,2026-08-01 03:12:44
2026-06-05,F-1008,Campaign #17 - old test,1840,10,17.07,0,2026-08-01 03:12:44
2026-06-06,F-1008,Campaign #17 - old test,1190,6,12.01,0,2026-08-01 03:12:44
2026-06-07,F-1008,Campaign #17 - old test,1497,8,14.27,0,2026-08-01 03:12:44
2026-06-08,F-1008,Campaign #17 - old test,2418,16,21.23,0,2026-08-01 03:12:44
2026-06-09,F-1008,Campaign #17 - old test,1961,12,20.04,0,2026-08-01 03:12:44
2026-06-10,F-1008,Campaign #17 - old test,2072,13,21.39,0,2026-08-01 03:12:44
2026-06-11,F-1008,Campaign #17 - old test,1989,10,20.54,0,2026-08-01 03:12:44
2026-06-12,F-1008,Campaign #17 - old test,1536,8,15.42,0,2026-08-01 03:12:44
2026-06-13,F-1008,Campaign #17 - old test,1349,9,12.69,0,2026-08-01 03:12:44
2026-06-14,F-1008,Campaign #17 - old test,1362,7,13.01,0,2026-08-01 03:12:44
2026-06-14,F-1008,Campaign #17 - old test,1362,7,13.01,0,2026-08-01 03:12:44
2026-06-15,F-1008,Campaign #17 - old test,1832,10,18.02,0,2026-08-01 03:12:44
2026-06-16,F-1008,Campaign #17 - old test,2509,15,22.18,0,2026-08-01 03:12:44
2026-06-17,F-1008,Campaign #17 - old test,2052,11,19.91,0,2026-08-01 03:12:44
2026-06-18,F-1008,Campaign #17 - old test,1638,8,17.21,0,2026-08-01 03:12:44
2026-06-19,F-1008,Campaign #17 - old test,2266,12,20.76,0,2026-08-01 03:12:44
2026-06-20,F-1008,Campaign #17 - old test,1358,8,12.28,0,2026-08-01 03:12:44
2026-06-21,F-1008,Campaign #17 - old test,1456,9,12.68,0,2026-08-01 03:12:44
2026-06-22,F-1008,Campaign #17 - old test,2300,12,20.28,0,2026-08-01 03:12:44
2026-06-23,F-1008,Campaign #17 - old test,2363,15,21.18,0,2026-08-01 03:12:44
2026-06-24,F-1008,Campaign #17 - old test,1929,12,19.64,0,2026-08-01 03:12:44
2026-06-25,F-1008,Campaign #17 - old test,1987,13,18.27,0,2026-08-01 03:12:44
2026-06-26,F-1008,Campaign #17 - old test,1864,12,16.72,0,2026-08-01 03:12:44
2026-06-27,F-1008,Campaign #17 - old test,1444,7,13.95,0,2026-08-01 03:12:44
2026-06-28,F-1008,Campaign #17 - old test,1514,8,13.74,0,2026-08-01 03:12:44
2026-06-29,F-1008,Campaign #17 - old test,2050,12,21.6,0,2026-08-01 03:12:44
2026-06-30,F-1008,Campaign #17 - old test,1951,12,18.86,0,2026-08-01 03:12:44
2026-07-01,F-1008,Campaign #17 - old test,1865,12,17.55,0,2026-08-01 03:12:44
2026-07-02,F-1008,Campaign #17 - old test,1919,11,18.01,0,2026-08-01 03:12:44
2026-07-03,F-1008,Campaign #17 - old test,1656,9,16.65,0,2026-08-01 03:12:44
2026-07-04,F-1008,Campaign #17 - old test,1442,7,13.87,0,2026-08-01 03:12:44
2026-07-05,F-1008,Campaign #17 - old test,1436,9,14.53,0,2026-08-01 03:12:44
2026-07-06,F-1008,Campaign #17 - old test,2008,12,18.63,0,2026-08-01 03:12:44
2026-07-07,F-1008,Campaign #17 - old test,2279,13,19.86,0,2026-08-01 03:12:44
2026-07-08,F-1008,Campaign #17 - old test,2656,14,24.77,0,2026-08-01 03:12:44
2026-07-09,F-1008,Campaign #17 - old test,2436,15,22.74,0,2026-08-01 03:12:44
2026-07-10,F-1008,Campaign #17 - old test,1683,11,17.5,0,2026-08-01 03:12:44
2026-07-11,F-1008,Campaign #17 - old test,1694,11,16.23,0,2026-08-01 03:12:44
2026-07-12,F-1008,Campaign #17 - old test,1318,7,12.63,0,2026-08-01 03:12:44
2026-07-13,F-1008,Campaign #17 - old test,1753,10,17.95,0,2026-08-01 03:12:44
2026-07-14,F-1008,Campaign #17 - old test,2062,13,20.83,0,2026-08-01 03:12:44
2026-07-15,F-1008,Campaign #17 - old test,2505,15,23.4,0,2026-08-01 03:12:44
